id;firstname;lastname;email
1;reciprocal withdrawal;synthesize compressing;Orlando_Mayert41@yahoo.com
2;disintermediate plug-and-play envisioneer;Coordinator world-class Adaptive;Monroe70@yahoo.com
3;Gorgeous Internal;Avon neural vortals;Abbigail89@yahoo.com
4;Security quantify uniform;e-markets Corporate;Bettie.Jenkins69@gmail.com
5;multi-byte Mouse Kitts;Ergonomic Avon;Ines.Beatty90@hotmail.com
6;Multi-layered Hryvnia;orange;Emmanuel.Koch@hotmail.com
7;haptic;Via;Sylvester22@hotmail.com
8;bandwidth Wisconsin;overriding migration Plastic;Abraham.DuBuque94@gmail.com
9;Fantastic;analyzing;Felton_Von@gmail.com
10;Avon reboot;withdrawal Wooden;Vivianne_Heathcote86@hotmail.com
